"Chrome 22.0.1201.0, Chrome/22.0.1229.96","3c8cb61208e191af38b1fbef4eacd502","770,49162-49172-136-135-57-56-49167-49157-132-53-49159-49161-49169-49171-69-68-102-51-50-49164-49166-49154-49156-150-65-5-4-47-49160-49170-22-19-49165-49155-65279-10,0-65281-10-11-35-13172-5,23-24-25,0"
"Chrome 24.0.1312.57 - 28.0.1500.72 Safari/537.36","1ef061c02d85b7e2654e11a9959096f4","769,49162-49172-136-135-57-56-49167-49157-132-53-49159-49161-49169-49171-69-68-102-51-50-49164-49166-49154-49156-150-65-5-4-47-49160-49170-22-19-49165-49155-65279-10,0-65281-10-11-35-13172-30031-5,23-24-25,0"
"Chrome 26.0.1410.43-27.0.1453.110 Safari/537.31","89d37026246d4888e78e69af4f8d1147","770,49162-49172-136-135-57-56-49167-49157-132-53-49159-49161-49169-49171-69-68-102-51-50-49164-49166-49154-49156-150-65-5-4-47-49160-49170-22-19-49165-49155-65279-10,0-65281-10-11-35-13172-30031-5,23-24-25,0"
"Chrome 29.0.1547.0","206ee819879457f7536d2614695a5029","769,49162-49172-136-135-57-107-56-49167-49157-132-53-61-49159-49161-49187-49169-49171-49191-69-68-102-51-103-50-49164-49166-49154-49156-150-65-5-4-47-60-49160-49170-22-19-49165-49155-65279-10,0-65281-10-11-35-13172-30031-5-13,23-24-25,0"
"Chrome 29.0.1547.62","bbc3992faa92affc0d835717ea557e99","769,49162-49172-57-107-53-61-49159-49161-49187-49169-49171-49191-51-103-50-5-4-47-60-10,0-65281-10-11-35-13172-30031-5-13,23-24-25,0"
"Chrome 29.0.1547.62","76d36fc79db002baa1b5e741fcd863bb","771,49162-49172-57-107-53-61-49159-49161-49187-49169-49171-49191-51-103-50-5-4-47-60-10,0-65281-10-11-35-13172-30031-5-13,23-24-25,0"
"Chrome 30.0.0.0","dc3eaee99a9221345698f8a8b2f4fc3f","769,49200-49196-49172-49162-163-159-107-106-57-56-157-61-53-49170-49160-22-19-10-49199-49195-49191-49187-49171-49161-162-158-103-64-51-50-156-60-47-49169-49159-5-4-255,0-11-10-35-13-13172,25-24-23,0"
"Chrome 30.0.1599.101","53c7ed581cbaf36951559878fcec4559","769,49162-49172-57-107-53-61-49159-49161-49187-49169-49171-49191-51-103-50-5-4-47-60-10,0-65281-10-11-35-13172-16-30031-5-13,23-24-25,0"
"Chrome 31.0.1650.57 & 32.0.1700.76 Safari/537.36","fb8a6d2441ee9eaee8b560d48a8f59df","769,49195-49199-158-156-49162-49172-57-53-49159-49161-49169-49171-51-50-5-4-47-10,0-65281-10-11-35-13172-16-30031-5-13,23-24-25,0"
"Chrome 31.0.1650.63","f7c4dc1d9595c27369a183a5df9f7b52","769,49162-49172-57-53-49159-49161-49169-49171-51-50-5-4-47-10,0-65281-10-11-35-13172-16-30031-5,23-24-25,0"
"Chrome 33.0.1750.117","16d7ebc398d772ef9969d2ed2a15f4c0","769,49195-49199-158-52244-52243-156-49162-49172-57-53-49159-49161-49169-49171-51-50-5-4-47-10,0-65281-10-11-35-13172-16-5-13-18-35655,23-24-25,0"
"Chrome 33.0.1750.117","f3136cf565acf70dd2f98ca652f43780","769,49195-49199-158-52244-52243-156-49162-49172-57-53-49159-49161-49169-49171-51-50-5-4-47-10,0-65281-10-11-35-13172-16-30032-5-13-18-35655,23-24-25,0"
"Chrome 33.0.1750.154","af0ae1083ab10ac957e394c2e7ec4634","769,49195-49199-158-52244-52243-156-49162-49172-57-53-49159-49161-49169-49171-51-50-5-4-47-10,0-65281-10-11-35-13172-16-30032-5-13-18,23-24-25,0"
"Chrome 34.0.1847.116 & 35.0.1916.114 Safari/537.36","ef3364da4d76c98a669cb828f2e5283a","769,49195-49199-158-52244-52243-49162-49161-49171-49172-49159-49169-51-50-57-156-47-53-10-5-4,0-65281-10-11-35-13172-16-5-13-18-35655,23-24-25,0"
"Chrome 34.0.1847.116 & 35.0.1916.114 Safari/537.36","4807d61f519249470ebed0b633e707cf","769,49195-49199-158-52244-52243-49162-49161-49171-49172-49159-49169-51-50-57-156-47-53-10-5-4,0-65281-10-11-35-13172-16-30032-5-13-18,23-24-25,0"
"Chrome 36.0.1985.125 & 37.0.2062.102 Safari/537.36","5b348680dec77f585cfe82513213ac3a","769,49195-49199-158-52244-52243-49162-49161-49171-49172-49159-49169-51-50-57-156-47-53-10-5-4,0-65281-10-11-35-13172-16-5-18-13-21,23-24-25,0"
"Chrome 36.0.1985.125 - 40.0.2214.93 Safari/537.36","52be6e88840d2211a243d9356550c4a5","769,49195-49199-158-52244-52243-49162-49161-49171-49172-49159-49169-51-50-57-156-47-53-10-5-4,0-65281-10-11-35-13172-16-30032-5-18-13,23-24-25,0"
"Chrome 37.0.0.0 Safari & Mobile Safari/537.36","5f775bbfc50459e900d464ca1cecd136","769,52244-52243-52245-49172-49162-57-56-53-49170-49160-22-19-10-49199-49195-49171-49161-162-158-51-50-156-47-49169-49159-5-4-255,0-35-13-13172-11-10,25-24-23,0"
"Chrome 37.0.0.0","a167568462b993d5787488ece82a439a","769,52244-52243-52245-49172-49162-57-56-53-49170-49160-22-19-10-49199-49195-49171-49161-162-158-51-50-156-47-49169-49159-5-4-255,0-35-13-13172-11-10-21,25-24-23,0"
"Chrome 37.0.2062.120","98652faa7e0a4d85f91e37aa6b8c0135","769,49162-49161-49171-49172-49159-49169-51-50-57-47-53-10-5-4,0-65281-10-11-35-13172-16-30032-5-18,23-24-25,0"
"Chrome 41.0.2272.89","8b8322bad90e8bfbd66e664839b7a037","769,49195-49199-158-52244-52243-52245-49162-49172-57-49161-49171-51-49159-49169-156-53-47-5-4-10-255,0-23-35-13-5-13172-18-16-30032-11-10,23-24-25,0"
"Chrome 42.0.2311.135","aa9074aa1ff31c65d01c35b9764762b6","769,49195-49199-158-52244-52243-52245-49162-49172-57-49161-49171-51-49159-49169-156-53-47-5-4-10-255,0-23-35-13-5-13172-18-16-30032-11-10-21,23-24,0"
"Chrome 42.0.2311.135","de0963bc1f3a0f70096232b272774025","769,49195-49199-158-52244-52243-52245-49162-49172-57-49161-49171-51-49159-49169-156-53-47-5-4-10-255,0-23-35-13-5-13172-18-16-30032-11-10,23-24,0"
"Chrome 43.0.2357.132 & 45.02454.94","3bb36ec17fef5d3da04ceeb6287314c6","769,52244-52243-52245-49195-49199-158-49162-49172-57-49161-49171-51-156-53-47-10-255,0-23-35-13-5-13172-18-16-30032-11-10,23-24,0"
"Chrome 48.0.2564.116","cd3f72760dfd5575b91213a8016c596b","769,49195-49199-52244-52243-49162-49172-49161-49171-156-53-47-10,65281-0-23-35-13-5-13172-18-16-30032-11-10,23-24,0"
"Chrome 48.0.2564.97","5406c4a87aa6cbcb7fc469fee526a206","769,52244-52243-49195-49199-158-49162-49172-57-49161-49171-51-156-53-47-10,65281-0-23-35-13-5-13172-18-16-30032-11-10,23-24,0"
"Chrome 49.0.2623.75","503fe06db7ef09b2cbd771c4e784c686","769,49195-49199-52393-52392-52244-52243-49162-49172-49161-49171-156-53-47-10,65281-0-23-35-13-5-13172-18-16-30032-11-10,23-24,0"
"Chrome 50.0.2661.102 1","bd4267e1672f9df843ada7c963490a0d","769,255-49196-49195-49188-49187-49162-49161-49160-49200-49199-49192-49191-49172-49171-49170-157-156-61-60-53-47-10,0-10-11-13-5-18,23-24-25,0"
"Chrome 50.0.2661.102 2","caeb3b546fc7469776d51f1f54a792ca","769,49195-49199-52393-52392-52244-52243-49162-49172-49161-49171-156-53-47-10,65281-0-23-35-13-5-13172-18-16-11-10,29-23-24,0"
"Chrome 51.0.2704.106 (test)","aa84deda2a937ad225ef94161887b0cb","769,49200-49196-49192-49188-49172-49162-165-163-161-159-107-106-105-104-57-56-55-54-136-135-134-133-49202-49198-49194-49190-49167-49157-157-61-53-132-49199-49195-49191-49187-49171-49161-164-162-160-158-103-64-63-62-51-50-49-48-69-68-67-66-49201-49197-49193-49189-49166-49156-156-60-47-65-49170-49160-22-19-16-13-49165-49155-10-255,11-10-35-13-15,23-25-28-27-24-26-22-14-13-11-12-9-10,0-1-2"
"Chrome 51.0.2704.84 1","473e8bad0e8e1572197be80faa1795c3","769,49195-49199-52393-52392-52244-52243-49162-49172-49161-49171-156-53-47-10,65281-0-23-35-13-5-13172-18-16-30032-11-10,29-23-24,0"
"Chrome 51.0.2704.84 2","e0b0e6c934c686fd18a5727648b3ed4f","769,49195-49199-49196-49200-52393-52392-52244-52243-49161-49171-49162-49172-156-157-47-53-10,65281-0-23-35-13-5-18-16-30032-11-10,29-23-24,0"
"Chrome 51.0.2704.84 3","7ddfe8d6f8b51a90d10ab3fe2587c581","769,49195-49199-49196-49200-52393-52392-52244-52243-49161-49171-49162-49172-156-157-47-53-10,65281-0-23-35-13-5-18-16-11-10,29-23-24,0"
"Chrome 51.0.2704.84 4","bc76a4185cc9bd4c72471620e552618c","769,49195-49199-49196-49200-52393-52392-52244-52243-49161-49171-49162-49172-156-157-47-53-10,65281-0-23-35-13-5-18-30032-11-10,29-23-24,0"
"Chrome 51.0.2704.84 5","8e3eea71cb5a932031d90cc0fba581bc","769,255-49196-49195-49188-49187-49162-49161-49160-49200-49199-49192-49191-49172-49171-49170-157-156-61-60-53-47-10,0-10-11-13-13172-16-5-18,23-24-25,0"
"Chrome 51.0.2704.84 6","653924bcb1d6fd09a048a4978574e2c5","769,49195-49199-49196-49200-52393-52392-52244-52243-49161-49171-49162-49172-156-157-47-53-10,65281-0-23-35-13-5-18-16-30032-11-10-21,29-23-24,0"
"Chrome 51.0.2704.84 7","1ef652ecfb8e60e771a4710166afc262","769,49195-49199-49196-49200-52393-52392-52244-52243-49161-49171-49162-49172-156-157-47-53-10,65281-0-23-35-13-5-18-16-11-10-21,29-23-24,0"
